<?xml version="1.0" encoding="UTF-8"?><rss version="2.0"
	xmlns:content="http://purl.org/rss/1.0/modules/content/"
	xmlns:wfw="http://wellformedweb.org/CommentAPI/"
	xmlns:dc="http://purl.org/dc/elements/1.1/"
	xmlns:atom="http://www.w3.org/2005/Atom"
	xmlns:sy="http://purl.org/rss/1.0/modules/syndication/"
	xmlns:slash="http://purl.org/rss/1.0/modules/slash/"
	
	xmlns:georss="http://www.georss.org/georss"
	xmlns:geo="http://www.w3.org/2003/01/geo/wgs84_pos#"
	>

<channel>
	<title>Shop &#8211; Blossom Kids</title>
	<atom:link href="/shop/feed/" rel="self" type="application/rss+xml" />
	<link></link>
	<description>Variety of kids clothing available</description>
	<lastBuildDate>Sun, 21 Jul 2024 03:18:02 +0000</lastBuildDate>
	<language>en-US</language>
	<sy:updatePeriod>
	hourly	</sy:updatePeriod>
	<sy:updateFrequency>
	1	</sy:updateFrequency>
	<generator>https://wordpress.org/?v=6.6</generator>

<image>
	<url>/wp-content/uploads/2024/06/blossom-kids-high-resolution-log.png</url>
	<title>Shop &#8211; Blossom Kids</title>
	<link></link>
	<width>32</width>
	<height>32</height>
</image> 
	<item>
		<title>BABY Girl SKIRT &#038; Set Dresses</title>
		<link>/product/baby-girl-skirt-set-dresses/</link>
					<comments>/product/baby-girl-skirt-set-dresses/#respond</comments>
		
		<dc:creator><![CDATA[nutan]]></dc:creator>
		<pubDate>Tue, 02 Jul 2024 03:57:00 +0000</pubDate>
				<guid isPermaLink="false">/?post_type=product#038;p=300</guid>

					<description><![CDATA[BABY Girl SKIRT &#38; Set Dresses. LImited offer only ]]></description>
										<content:encoded><![CDATA[<p>BABY Girl SKIRT &amp; Set Dresses. LImited offer only </p>
]]></content:encoded>
					
					<wfw:commentRss>/product/baby-girl-skirt-set-dresses/feed/</wfw:commentRss>
			<slash:comments>0</slash:comments>
		
		
		<post-id xmlns="com-wordpress:feed-additions:1">300</post-id>	</item>
		<item>
		<title>Baby Denim Onesie Unisex</title>
		<link>/product/baby-denim-onesie-unisex/</link>
					<comments>/product/baby-denim-onesie-unisex/#respond</comments>
		
		<dc:creator><![CDATA[nutan]]></dc:creator>
		<pubDate>Tue, 02 Jul 2024 03:54:14 +0000</pubDate>
				<guid isPermaLink="false">/?post_type=product#038;p=299</guid>

					<description><![CDATA[Baby Denim Onesie Unisex]]></description>
										<content:encoded><![CDATA[<p>Baby Denim Onesie Unisex</p>
]]></content:encoded>
					
					<wfw:commentRss>/product/baby-denim-onesie-unisex/feed/</wfw:commentRss>
			<slash:comments>0</slash:comments>
		
		
		<post-id xmlns="com-wordpress:feed-additions:1">299</post-id>	</item>
		<item>
		<title>Girl Hoodie</title>
		<link>/product/girl-hoodie/</link>
					<comments>/product/girl-hoodie/#respond</comments>
		
		<dc:creator><![CDATA[nutan]]></dc:creator>
		<pubDate>Tue, 02 Jul 2024 03:52:29 +0000</pubDate>
				<guid isPermaLink="false">/?post_type=product#038;p=298</guid>

					<description><![CDATA[Girl Hoodie online clothing store Nepal]]></description>
										<content:encoded><![CDATA[<p>Girl Hoodie online clothing store Nepal</p>
]]></content:encoded>
					
					<wfw:commentRss>/product/girl-hoodie/feed/</wfw:commentRss>
			<slash:comments>0</slash:comments>
		
		
		<post-id xmlns="com-wordpress:feed-additions:1">298</post-id>	</item>
		<item>
		<title>Dress Skirt</title>
		<link>/product/dress-skirt/</link>
					<comments>/product/dress-skirt/#respond</comments>
		
		<dc:creator><![CDATA[nutan]]></dc:creator>
		<pubDate>Tue, 02 Jul 2024 03:50:24 +0000</pubDate>
				<guid isPermaLink="false">/?post_type=product#038;p=297</guid>

					<description><![CDATA[Dress Skirt size available. Online Kids clothing store nepa]]></description>
										<content:encoded><![CDATA[<p>Dress Skirt size available. Online Kids clothing store nepa</p>
]]></content:encoded>
					
					<wfw:commentRss>/product/dress-skirt/feed/</wfw:commentRss>
			<slash:comments>0</slash:comments>
		
		
		<post-id xmlns="com-wordpress:feed-additions:1">297</post-id>	</item>
		<item>
		<title>Check Shirt</title>
		<link>/product/check-shirt/</link>
					<comments>/product/check-shirt/#respond</comments>
		
		<dc:creator><![CDATA[nutan]]></dc:creator>
		<pubDate>Tue, 02 Jul 2024 03:45:13 +0000</pubDate>
				<guid isPermaLink="false">/?post_type=product#038;p=295</guid>

					<description><![CDATA[Check Shirt for young boys]]></description>
										<content:encoded><![CDATA[<p>Check Shirt for young boys. size available.</p>
]]></content:encoded>
					
					<wfw:commentRss>/product/check-shirt/feed/</wfw:commentRss>
			<slash:comments>0</slash:comments>
		
		
		<post-id xmlns="com-wordpress:feed-additions:1">295</post-id>	</item>
		<item>
		<title>Sweatshirt</title>
		<link>/product/sweatshirt/</link>
					<comments>/product/sweatshirt/#respond</comments>
		
		<dc:creator><![CDATA[nutan]]></dc:creator>
		<pubDate>Fri, 21 Jun 2024 02:49:45 +0000</pubDate>
				<guid isPermaLink="false">/?post_type=product#038;p=220</guid>

					<description><![CDATA[]]></description>
										<content:encoded><![CDATA[]]></content:encoded>
					
					<wfw:commentRss>/product/sweatshirt/feed/</wfw:commentRss>
			<slash:comments>0</slash:comments>
		
		
		<post-id xmlns="com-wordpress:feed-additions:1">220</post-id>	</item>
	</channel>
</rss>
